AVG_PURCHASES_FREQ,AVG_CASH_ADVANCE_FREQ
0.4904053422728799,0.13514067784110123
