DEBT_SEGMENT,NUM_CLIENTS,TOTAL_DEBT
"Faible Dette ",3677,508379.60346999875
"Haute Dette ",2290,9992060.298118997
"Dette moyenne ",2982,3501591.4056580006
