AVG_BALANCE,AVG_PAYMENTS,AVG_CREDIT_LIMIT,AVG_PRC_FULL_PAYMENT
1564.647592719525,1733.3365108509327,4494.4494,0.1537318252318706
